colum_000001,0.9764335,88.14189,28.517242,0.0,1.2745336015181448,0.5366478762251001,0.5369997341241423,-0.0002041390035648632,3.0336759592177097e-05,-0.00012809508373477654,1.272777324516932,0.5365466125122387,-0.00017138246078571645,-2.5636873133716752e-06,-0.00028477485017560896,1.2741757020713336,-8.72925981711678e-05,5.869342310323412e-05,-0.0003320500493044457,0.7352843890138243,-0.00010494494677737649,-5.799535422413212e-06,0.7357441214174499,-8.899702762345706e-05,0.7351171341800076
colum_000002,0.6290933,26.59991,20.982977,0.0,0.30553375036851516,0.09248523032207544,0.12609805682371222,-0.009193540188557822,-0.0008023285247178837,-0.0009509694142551126,0.41589029335351135,0.14940367454746695,-0.006051404624055235,-1.8179634974232462e-05,0.0012727221774019002,0.6326866843820234,-0.0035925154604609837,-0.004022360695986063,-0.0004484038220525674,0.15957798348522145,0.000302480574351496,-0.002032090933290733,0.24505820607391537,-0.006149940587914193,0.3074700801869853
colum_000003,0.5427892,46.68849,46.212856,0.0,0.2500568700437614,0.08307157256754856,0.10403892994911322,-0.0021056996868243465,-0.001375901518479011,-0.00026666046292816927,0.25249068762357363,0.10368395933335553,-0.002871398987108848,0.0005929991772215741,-2.5111737313124262e-05,0.4185808843935718,-0.0005210336800191061,-0.0016025950714087605,-0.001702691765055164,0.15693034940442963,-0.0002726328706171659,0.0004688695290517359,0.2148491426103104,-0.0014219287812771517,0.21481504572392918
colum_000004,0.6562644,56.19083,30.716719,0.0,0.39702588674398165,0.14977587833395506,0.16878863543152517,0.0041314128184829066,-0.0033743417102348183,0.0002547342359941843,0.47250210568765816,0.17338144265669808,0.005562696861882434,-0.0004219458917336475,-0.0006214013435649287,0.6030231060886012,0.0018924492632936525,-0.0020154105976743874,0.00020822074970726855,0.27415486901920777,0.0006957705634991251,-0.0007937682849501618,0.3240355801292285,0.0035706612086759673,0.33642924001599905
colum_000005,0.3466413,37.59147,22.071074,0.0,0.042716738792581685,0.016794792791723342,0.026944248671118255,-0.0002110048024005008,8.130828875447041e-05,2.4164379538460955e-06,0.08984573763881351,0.03152105439114055,0.00034339769592512206,0.00014507228391808451,0.000757828698700051,0.1927029708716765,0.00017033802073644714,0.0013657480517400707,0.0011939576953157649,0.031044772618161624,-2.1505814809194042e-05,0.00033045793166518184,0.0487141570669445,0.0005308306189028742,0.07614209511328096
colum_000006,0.93395144,75.55613,69.83625,0.0,1.143220450460001,0.46624319562007427,0.4689170638220017,0.0009745031567082568,7.006223902227908e-05,-0.0002490068876091203,1.1407877488154647,0.46860952975758874,0.0010534627231648275,8.693888232712538e-05,-0.000768304073151074,1.1523284667782538,0.00034296490998112904,6.579276461642456e-05,-0.000350554965819986,0.6718183612833426,-0.00026902033642069916,9.218780815939016e-05,0.6757057416115438,0.00031736334407288637,0.6754474706879603
colum_000007,0.3809206,63.166313,42.243862,0.0,0.08533816238533395,0.03248839551640771,0.041329706749250156,-0.00253230034970499,-0.00042572868752694006,0.0006560144412079645,0.11355876770571757,0.042941183208037303,-0.0055889238900157555,7.823427863309919e-05,0.0010597094915441143,0.1718335542615269,-0.0015949079547634326,-0.0003774520765646878,0.0023636331994534064,0.06386834322019469,0.0010000718139708343,-1.4646945578591577e-05,0.08587254607117129,-0.0033517444575556013,0.09393546276073772
colum_000008,0.41702777,79.540344,20.093002,0.0,0.1338016679278311,0.0486000196147261,0.05250378491841466,0.004066563446173,0.002117569080113069,0.0004318505978322855,0.15546019186230509,0.05188130725061145,0.0024205103038174745,9.597238863712584e-05,-0.0026405768548136803,0.17853408049799002,0.0008052092053444163,0.002529082925798035,-0.0026851588191562307,0.09819666353513844,0.00011595410244814793,0.0011672260317118284,0.10829635585780006,0.001492762738206514,0.10944879787574446
colum_000009,0.8136199,67.12251,58.48105,0.0,0.8037198328876973,0.30279836961824447,0.3137981477263876,-0.002703572820678819,-0.0017435432456552316,0.0012703778629785168,0.8100291725456151,0.3141055963428267,-0.0013936345260689193,-0.0006750918476497716,0.0021169140282966633,0.8605279288747599,-0.0009431524160245812,-0.0023167738941202577,0.0030292887927618607,0.4972245519593149,0.0018050914467375428,-0.0008860793307715622,0.5182217479378344,-0.00112114878655007,0.5182704276439972
colum_000010,0.5672452,73.717064,22.9728,0.0,0.2970492272535805,0.10929770189621492,0.11732370062652629,0.0014614486610877095,-0.0065010761847349285,0.0002603451338016997,0.34885662228880177,0.11659339370200515,0.0023403216114313593,-0.0016823938281453903,0.0004673030389880431,0.38633949307859966,4.02798746219012e-05,-0.008913826222837897,0.00022806985632796987,0.2134871517408352,0.0003304242761266279,-0.004103675400131515,0.23421994099979893,0.0005471593646988591,0.23626535153909625
colum_000011,0.34168395,71.30643,44.829273,0.0,0.07748226266312913,0.027072369950254485,0.03309289161148084,0.0020258621069625775,0.0003895426668021766,-0.0004874248225536226,0.08617196856102681,0.03243689901136098,0.00225929658284964,0.0002719753313224283,-0.0016143374448718685,0.11907940068655834,0.00035447785126651915,0.002532204143063277,-0.0017531306715396547,0.05361879926016959,-0.0007271464001604246,0.00047231906728842333,0.06867590898991277,0.0008154965574031716,0.06812820705953834
colum_000012,0.9167088,86.22425,70.22452,0.0,1.0945217939984473,0.4416695443429287,0.4420406267986254,-6.467515708774215e-06,-0.00012782408070311538,-0.00043482970018566376,1.0962643090056794,0.44249208858471,1.802024658068351e-05,1.1921413086002372e-05,-0.0012886023052504985,1.0978581558625335,2.7242519976817593e-05,-0.0005500689832995003,-0.0012717574845438145,0.649100797369763,-0.00043220038821085977,4.043355992834654e-05,0.6498145544624234,4.5860351003319175e-05,0.650421606761036
colum_000013,0.4330783,69.92659,17.18087,0.0,0.11997486326610374,0.05174522333193974,0.056650635488035686,0.0007415750815158671,0.002503050005880412,0.00024322988597275507,0.18124034446715387,0.05978613538348972,0.0007959165733405926,0.0010878114057010634,-0.0016890722042423238,0.22346337356327092,6.812761829529423e-05,0.00442464124295604,-0.002782150771468884,0.10197461012983841,-8.002448834144499e-05,0.0020189565658998414,0.1152792087351828,0.0001382037108928743,0.13017712524969471
colum_000014,0.32885528,33.928074,22.162518,0.0,0.042362036153693355,0.014132289742070593,0.02507707339192809,-0.0002990939223016722,-1.9297093188926534e-05,-0.00028790237132354053,0.06996134794084544,0.027959582952076338,-6.450153851679939e-06,-2.9319700495707984e-05,-0.0020680875941300773,0.18571977282775912,0.00030610943826350876,-0.0010157607486431781,-0.0059638691046493345,0.025654242386101846,-0.0003396454439327732,-0.00022107930145254994,0.045633807207039793,0.0001013810318748848,0.06358721329500946
colum_000015,0.7085174,36.256107,30.95866,0.0,0.5001284756877018,0.16723450884346652,0.20083606517617353,-0.0003390076311978216,-0.0005858002233318795,0.0005430660899775298,0.5406231377663445,0.20787928452280036,-0.0010354612302365923,6.770617147788813e-05,0.00015082007009343263,0.7391545570603282,-0.0003802019697860665,-0.0002800474751983934,0.0005397428517237659,0.28869581526754606,0.0006068033714784993,-0.00036585108345987415,0.37270274119029634,-0.00048524083167510076,0.38918206403467603
colum_000016,0.31766376,40.863266,15.138446,0.0,0.03126685184437975,0.01653623254031436,0.021176878161907185,0.0006023335455297673,-0.001395993054629321,5.466480063747575e-06,0.09082755728775707,0.028666501022434274,0.002192792045347518,-0.0015393735966208087,-0.0012560453140391557,0.14000665678050697,0.000777849728045569,-0.005956767844064771,-0.0010468329232783237,0.02958358329177919,-2.7039572880618198e-05,-0.002752145554726127,0.036548549874256285,0.0013584008599828309,0.0708900167544907
colum_000017,0.30001146,44.108555,19.507164,0.0,0.03219966119559834,0.014909276641934541,0.019577417202283197,-0.0004308218159404754,-0.0003979131756174439,0.00018065302630371492,0.07180001394333288,0.023828118285811946,0.0001415378805810883,8.408918294765789e-05,-0.0003893986931822885,0.12384897890353191,-0.00032847083246341453,-0.001407830478755057,-0.0008856715632630076,0.02692662908255796,0.0003741218396301053,-0.0003646116012959953,0.03512354994586249,-0.0006747449479636821,0.058176676883015976
colum_000018,0.77201796,68.62812,29.13406,0.0,0.6817241682005398,0.25805602956851875,0.2696104178445281,-0.0021570907427237553,0.003274846885939919,-0.0012080300546429442,0.7231908106250635,0.27130011658867254,-3.828082282238223e-05,0.0007352454324544475,-0.002489723233243723,0.7784108444286281,-0.0005442795009939401,0.004037591723368592,-0.0026183956188792993,0.44014308613287645,-0.0015200262858197596,0.0014308265600379841,0.46520892074461745,-0.000597937689531023,0.4663377248573676
colum_000019,0.61277014,57.965416,45.095512,0.0,0.3511938150491466,0.1259197412811755,0.14370630475031565,0.0010660751947553378,0.0034603310981927444,0.0011670478792507946,0.388426106213704,0.14628692321169573,-0.0012477080705260324,0.00040597452739983667,0.004544272911810484,0.5046889908230936,0.0006716796318773982,0.0011807596186757397,0.007116938607933904,0.23636369072846852,0.0027491071181399637,0.0006774020507053564,0.2829994269510119,0.0008452320447867351,0.2915096810206089
colum_000020,0.5364507,53.952618,19.716454,0.0,0.18178193334220918,0.08263468858906525,0.09507271743991316,-0.001693933709971081,0.0010603360392138215,-8.425807852003613e-05,0.3291331845233392,0.106260177774219,0.0013140812229597816,0.0012572806309536573,0.003633576514528088,0.38625129748339504,-0.0009982063855892842,0.003947109840377383,0.004877092695389966,0.1566023402721718,0.0007532811919860837,0.0027639701593150036,0.18786834749211487,-0.000657124301897205,0.23025797018885136
colum_000021,0.45053056,59.701794,25.23739,0.0,0.12040985722131833,0.04854331998349079,0.06221181931704055,3.669629708901477e-05,0.0012758445237540782,-0.0005357811276274723,0.18709962523414309,0.06273368122040397,0.0014865863481233264,-0.0005397017339253433,-0.0016059189811197779,0.26580188578098374,-4.946146412424843e-05,-0.0003626842132561367,-0.0020915825843374897,0.09405390907912368,-0.0005428799535186528,-0.0005449883634399786,0.12785091207410457,0.0008451601655018971,0.14007039126522586
colum_000022,0.84697443,18.43371,15.303242,0.0,0.7972442307365404,0.29278439675137935,0.3217635353079831,9.037295040132964e-05,0.0005065879849136618,-0.0010272558194252,0.8780506386866662,0.34596804471774445,0.0010741940950839551,0.00031088706503863933,-0.0016078452018327772,1.0169540706632172,0.00030571898000293684,0.0008926970374840122,-0.0028782872298557327,0.44428975388663394,-0.0025185778146224608,0.0006505130684243017,0.5105525199028857,0.0003391939097156664,0.5651186023878363
colum_000023,0.47306153,22.87565,21.9042,0.0,0.14416790047628503,0.027552408860189552,0.05838103527633178,-0.0005986389260343985,0.001589738864916218,0.00012080590100634467,0.13687293227545594,0.055871326369688126,-0.0016298335883177606,0.00027287715632749027,-0.0010686729051545359,0.41695996213477726,-0.0006542895209121555,-0.0015711254968094695,0.002063878088046987,0.04949403407868801,0.00025598502652666956,-0.0003584008274390752,0.12195082557545786,-0.0014313256391730901,0.12014031080768273
colum_000024,0.37218925,89.17172,40.62874,0.0,0.11376091073437802,0.03754428124602702,0.03755127412575305,7.293419827527312e-05,-0.0007335712360209011,-0.0004921161759205109,0.11704826466049295,0.03674786552458172,0.0008142061948553091,0.0002997345716804704,-0.0013580596892514567,0.11855552106340234,-7.832006596671675e-06,0.001017756344948779,-0.0012302026827492008,0.07708888115874536,-0.000994671087936678,0.00029212215554218646,0.07792614917959723,2.6667076135812567e-06,0.07680493280222454
colum_000025,0.5109351,50.752758,31.220242,0.0,0.17460176938661898,0.06658848744932788,0.08592076621750525,0.0032878438375865057,-0.00026697866357258476,-0.000921046820530213,0.24046615747389682,0.088312809060892,0.0006449140327868898,-0.0007000353169090526,2.138442335784101e-05,0.38501336521856144,0.0012053637332152156,-0.002040748538903468,-0.0011570249858236757,0.12462454040953,-0.0013502048781725796,-0.0009132186168485071,0.17599515135951094,0.00217651345137731,0.19138111195356178
colum_000026,0.68787473,49.017284,17.14339,0.0,0.38159258709362465,0.16278327043066745,0.1739630442411375,0.00037116008124897434,0.0002358398821166193,-7.852797200581522e-05,0.5957673282194003,0.20905487338615666,-0.0027926236120383164,0.0003157574051313627,-0.0012831629724157421,0.6594525058527685,-0.0014910681108389486,-0.0008271217046878158,-0.0014767509004041304,0.2941234303505076,-0.0006413984377021425,0.0003978350077311693,0.32128258260923925,-0.002570890412523158,0.40182010392198153
colum_000027,0.786984,30.820255,15.457631,0.0,0.5638514080121366,0.22256225283111666,0.23606917361303645,0.0005227352332420566,0.005442540807492693,0.00048022220821427393,0.7993521578891607,0.2970137904667294,-0.0038879657193785833,0.004330974612653488,-0.0024469688078953746,0.8832407487523598,-0.0008953089181979857,0.014020695124460202,-0.00325111969785719,0.3629042388736813,-1.775541280439591e-05,0.006428599989719201,0.39603660429963994,-0.0018923550645114496,0.5257120699771067
colum_000028,0.87016577,42.881317,32.00849,0.0,0.9011938400425619,0.35360307159870574,0.3717516942339292,-0.004279272991346032,0.002596750470413183,0.0010308917226676227,0.9440175861756169,0.3808415175936962,-0.003528654814588489,0.0012810328619442847,0.0015965894805927187,1.0388514723577238,-0.002155921998441585,0.0041377989836434035,0.003169880154736528,0.5464699023143852,0.001320408576569557,0.0016347641842057684,0.5819841682325441,-0.002593084892508179,0.5949699686738481
colum_000029,0.7450844,64.970406,15.114925,0.0,0.5608802394236994,0.2288917102687339,0.23384576698884985,-0.004673514302712902,0.0002308470558713728,-0.0004577536525845622,0.7003005284473873,0.2525313552572697,-0.00971633038046128,0.00025905529547826637,-0.0009653797622273211,0.7256818619494075,-0.002796792002164331,-0.0004457001800575516,0.0007110063124206682,0.4025658771951914,-0.0002546064891610776,0.0005063793650265411,0.41354242083942444,-0.004535096403244494,0.4498089146567168
colum_000030,0.40273815,78.54295,42.330925,0.0,0.12617255334564995,0.043373207036488615,0.04835939347101641,0.0017701866927177863,0.001163437654190816,0.00038869849139361583,0.13532962999940618,0.04698502270062489,-0.0005198068918727647,-9.121467676432581e-05,-0.0009453655830717671,0.16451185315898975,-3.8409216527265035e-05,-0.0008915831330369409,0.0006352337090736243,0.08785725966778712,0.0003116878192615202,-0.00039063017814495115,0.10198149453720838,-0.00019611998728948457,0.09981872018269737
colum_000031,0.3043653,81.52285,60.379536,0.0,0.06875562758877463,0.021933888100681306,0.023507801966313056,0.00012803111934545991,0.0005633708373459748,-0.0004222024331978888,0.06555736076636082,0.02240075125276639,-0.0004774344959711663,0.00028938589336007837,-0.0001710731722112613,0.07390331641493474,-0.0001187272960597291,0.0006237343958298438,-7.368215658642643e-05,0.04417119136511388,-0.0003399751697066745,0.0004258648417059155,0.048417082685418514,-5.700436804045912e-05,0.0459984245764429
colum_000032,0.3140027,25.67053,17.27602,0.0,0.03482136133789382,0.010772319966680648,0.01962680400367673,0.0003869543149638088,-0.0004557561027075664,0.0002536200001951257,0.06343369569498612,0.02392515899771698,0.0002451541671021325,-0.0003883253810768394,0.001086102392939417,0.18745560103310543,-9.5661535535395e-05,-0.0024805080415137336,0.004677460989682027,0.019114012058323,0.0002487123848131624,-0.0006529037463711782,0.0338002516545326,0.0004563682784571067,0.05479319020334189
colum_000033,0.48323584,84.14215,16.198904,0.0,0.22013893216675146,0.07377542066735947,0.07698467115246307,0.0025416538960303953,0.0057483521808360805,-0.00020375396077366515,0.22828951325956567,0.0756365268764608,0.0028782044366898627,0.0007827542281224137,-0.003307299690603569,0.24793152464449297,0.002006304636065774,0.0063234604118666314,-0.0017105116429810738,0.1497659186490662,-0.0005035230713791978,0.0019095001516306743,0.15830158525714033,0.0033092671488370987,0.15618009182872963
cubic_000001,0.46468425,86.51706,78.42521,55.480762,0.2069437540005525,0.06667274921736296,0.06761494832705031,0.0010238706107287838,0.0012687314280839673,-3.413777846227389e-05,0.2136556444420813,0.06799142026379082,0.0012721780224996958,0.0006571908415079267,-0.0004208801856829576,0.2069879638404777,0.001125097987574019,0.0032125385224407513,-0.0004088605970130776,0.13792006004025603,-0.0002770644482069229,0.001068034838994556,0.13907718599067775,0.0015313973440163851,0.14132118948506261
cubic_000002,0.7951037,70.64225,22.44778,15.991049,0.7417481740573212,0.2863362453410426,0.2904299995170908,0.00268967725625828,-0.0033394731563190136,-0.0006711986937352464,0.7925432822882168,0.29406854623153833,0.0012832710480565094,-0.0011349270864936482,-0.0010364694087066492,0.8097597995195976,0.0007720810422797646,-0.001654034931879032,-0.0019970896777515286,0.47942988612709725,-0.0008397915484408384,-0.0014627486400937007,0.4878910798415051,0.0009978598415468403,0.49286922913898484
cubic_000003,0.5079118,83.8843,29.918509,15.090821,0.2469598862074,0.08447447532627253,0.08624974387369524,0.0009137606383757563,-0.00010861117300090614,0.0003087060099405675,0.2676901983896097,0.08751221566554057,-0.0004336485684348302,-0.0009099314531256281,-0.00014022162562268094,0.27506203216384506,0.00013710036592102522,0.0015071311814068636,-0.0031601169037755493,0.17135955611113668,-0.0006588105541139237,-0.0013583685101636617,0.1756973119474249,0.0003176118915318805,0.17993580284051153
cubic_000004,0.64590263,30.829046,29.358553,16.687838,0.43856063077786067,0.13330241696443618,0.1527329696756235,0.0019781740851967117,5.974344219325156e-05,-0.0009994940827356986,0.4645032179449393,0.15870596095533235,-0.0014113874162352267,-0.0015728140012689772,-6.184099947952374e-05,0.5810623035766302,0.00014562697959515043,-0.005218828919392027,-0.002558914322630241,0.2400053105745396,-0.0009602518606744656,-0.0025687397863420496,0.2902157617956691,0.00026425304272976915,0.3056566386787454
cubic_000005,0.3401111,54.021454,15.912044,15.057948,0.04718718006663625,0.025065850424376795,0.025515832630851505,0.0017480873111180317,0.0006367615994236285,0.00015403816001326523,0.11828254119117239,0.03224484203406067,0.004214210500442685,0.0005849691933881051,-0.0029736311635867106,0.12557084649542083,0.0007663026413090082,0.0011025515784143442,-0.004286045462076347,0.047545246724890744,4.03758034769786e-06,0.0010754546780663101,0.04815056432056007,0.0021389906405464435,0.0763660263583881
cubic_000006,0.8610659,84.78805,56.212387,46.067257,0.9458464154399207,0.36686399199475095,0.3663790120606824,0.003148156335772913,0.0006965599746171603,0.0003950667119911732,0.9459617981932911,0.3657747950493674,0.0028311039358445613,-0.00026384501704035856,0.0002137547230336125,0.9426199984393417,0.0014242591308961006,-0.0006413416792434315,0.00010548334980694363,0.5742786020986563,0.0005558777401925212,-0.0002818939084173481,0.5738238317882616,0.0017888886370822869,0.5723839521885519
cubic_000007,0.38889715,68.46369,58.261635,53.034443,0.12882413511181445,0.04243640640126886,0.04170616912895861,-0.00020002618922898845,-0.0024143823439413004,0.0008501796038827248,0.12975929900357497,0.04130439908369504,0.0009106348667084856,-0.0003548618687010437,0.002252392870741793,0.13152346322609718,0.0005415948173511191,-0.001564356782128283,0.002477972541892695,0.08852731513495596,0.0013755755981256278,-0.001036864191306722,0.08744957948863702,0.000611150182276239,0.08550929281866455
cubic_000008,0.5772835,51.710033,50.103054,43.42747,0.3510719448481917,0.11845913871418774,0.1198063724579883,1.4404910141245465e-05,0.0017933051456446268,-0.0003725366907836875,0.3656778493342242,0.11912211824169495,0.0014268294742886439,0.0005952980169904816,-0.0010876628030141917,0.37379134210952425,-0.00018543580281411896,0.00030071573722650934,0.00015388558243373596,0.23437540736474327,-0.0005743934243025599,0.0007471199037155874,0.23795089884390858,-0.00024159646361070783,0.2375493396163028
cubic_000009,0.91026485,74.75969,43.283424,19.258907,1.0706168285903346,0.42981919075342284,0.4336736375314647,0.0002686161060886511,0.0015793460540320754,0.000740629443085013,1.0733252447474375,0.4336428862511066,0.0007765990401383256,0.0006932137473700772,0.0015634601315841564,1.0896388318797419,0.0004743089695139382,0.001925785506994009,0.0016551708604682917,0.636383404578365,0.0007421446797908401,0.0006993696294938313,0.6426350701520843,0.000637878087369445,0.642157524831514
cubic_000010,0.3764709,49.030216,38.75152,23.032276,0.09946870596920268,0.03170131704349348,0.03729264318904682,0.002872702176154159,0.00028677708633581826,-0.0013886698026973933,0.10300539593964257,0.03554753098127489,0.003057478614101764,0.0003126886335403067,-0.0015006608036047468,0.16709971902986318,0.0012108359033086472,-3.414142434393938e-06,-0.003676623445699442,0.06166004190865264,-0.002333122802690089,0.00037348902497379513,0.07958340762911004,0.0021620633333231665,0.07705490748609414
cubic_000011,0.66124177,78.01385,56.198338,18.7347,0.4986949626670238,0.1731794587156456,0.1747034444659306,-0.0016468911288640027,-0.0009225108214784317,0.0005555895691982715,0.5108407544316043,0.17451732741111003,-0.0014076223282433803,-0.0009487464038779594,0.004392877855096853,0.5066376674599182,-0.00013580364166766094,-5.551032858172219e-05,0.003542384195206533,0.3261113498679398,0.0012976281411466114,-0.0013341360917849,0.32939407292391837,-0.00011721516873756501,0.3292038944349564
cubic_000012,0.35061166,61.689552,22.532187,18.0074,0.06772592233536856,0.028991106477918572,0.031150126426673155,0.0013206509774927654,0.0005906852245072965,0.0004450293252183147,0.10719686785232174,0.032044766862213615,0.0022079514824894153,0.0005806323348594194,0.0006025814393637623,0.1299136780731226,0.0010114571728254262,0.0003641915800734114,0.00044590054239374564,0.05743932993553205,0.0006861414662184121,0.000982249267083472,0.0628133493743997,0.0019351063827738003,0.07053780376012038
cubic_000013,0.88315547,44.774254,26.302076,15.432402,0.9362026267020431,0.37739854845624177,0.3840534758454695,-0.0019121244367286472,-0.0002901927719459319,-0.00031724619387131855,1.0121957982673053,0.4012683078399635,-0.0012596014557239555,0.0006696035851168987,-0.0025454647541365955,1.0475314811817982,-0.0006198500867558582,0.0011154648370781928,-0.0029821713560024463,0.5762786827102166,-0.00038872212204268334,0.0010258451463405803,0.5893740095932036,-0.0005410051748537441,0.6164366659381055
cubic_000014,0.6956755,71.988525,69.01366,16.7037,0.5622056635968655,0.19911276881476736,0.2012495355617657,-0.00085541227519891,0.0009092848972792936,-0.00035228078354875144,0.5689967097002717,0.20134104755510066,-0.0012348223466079821,0.0008966360921725263,-0.003348720738874761,0.5777182115272168,-0.0011907266389183779,0.0034075784342895874,-0.0032107039663165906,0.3643237986547316,-0.000911441018319128,0.0014345624646972908,0.36978737623062996,-0.0018550669884791105,0.36978945192889234
cubic_000015,0.97464246,66.98144,28.502506,24.185678,1.2641235334680383,0.5329968204380968,0.5332804939764401,0.00016431456384943425,0.00011361786207965262,-9.616492147296112e-05,1.26946223748555,0.5343932078160268,9.644379594070778e-05,7.278924153100957e-05,-0.0003078911850077392,1.2706957853299894,5.5542922939857865e-05,0.00011729159344612934,-0.00023789702318037224,0.7320263717142261,-7.015291242241318e-05,9.249296192786586e-05,0.7324266486045525,3.646638060585982e-05,0.7336406164056155
cubic_000016,0.712402,35.59139,30.687595,15.03091,0.5356090946758334,0.18321692547776597,0.20397822251999184,-0.0005025644605867672,-0.002742509502815939,-0.0002736401735947445,0.59399133256282,0.21458254401919313,0.003563057178640604,-0.001360972560159636,0.0015150533814633615,0.7058702612315945,0.000684320643213531,-0.005045577718411684,0.0004952146095097143,0.3193274609864168,-0.0006228111181627674,-0.002088564118373819,0.36920132620696994,0.0016487715564969397,0.39389173883761364
cubic_000017,0.9507635,89.89222,51.90424,31.425377,1.196661572811459,0.4944169823183684,0.49464163678460554,0.00027375153587009746,0.0001669954132129564,-0.00026854949803942094,1.1949221806554595,0.4943249185262501,0.0002911500911823871,8.543146027599035e-05,-0.0008861923280783558,1.1959460900369994,9.50714598593923e-05,-3.178715408228968e-07,-0.0009179719179962623,0.6982328015566535,-0.0001918388650046135,9.983703466687004e-05,0.6985280495780892,0.0001115047296021802,0.6981305960966165
cubic_000018,0.31490523,34.513668,25.171835,22.188055,0.05780407517949612,0.017538474924734197,0.020019811054195848,0.001191701871236961,0.0006613389522202523,-5.942383212177755e-06,0.08485323571145542,0.021848308001988892,-0.0006558382697191181,0.0004295471360142354,-0.0008329441118519319,0.10648506272020436,0.0005427458244498325,-0.00030283166949571835,-0.001436401121237901,0.033669762513760915,-2.0317450868041587e-05,0.000565543282709994,0.03906618607062855,0.0008498778307370694,0.04878735942361785
cubic_000019,0.31250495,39.968742,20.23366,18.198566,0.041012023146583844,0.018015122381430812,0.01916788043549987,8.20405550522199e-05,0.0002847473606941771,5.53408212772759e-05,0.09568522309663127,0.02413495145501241,0.0004236491927575774,-0.00012283396884483184,0.0006142241366013487,0.11075106618265189,0.00034503274421127854,-0.0022208020036128817,-0.0010520195103943474,0.03314694242690887,0.00022668507781516622,-0.0003929048398588243,0.03521051916245739,0.0003806734379925296,0.056992883286361595
cubic_000020,0.76755136,19.204317,16.21879,15.353851,0.6981266635096003,0.24351833342593682,0.24195998158037013,0.002390157996699363,-0.001299238077442485,-0.00042664158310339105,0.7662153722868239,0.258995006189761,0.005639189730322581,0.0001816176063096614,-0.0024337200913751057,0.7624491986971829,0.001644595034037454,0.00131438895922704,0.00016245199440893462,0.4062517117945257,-0.0013025363539395053,6.891783834796003e-05,0.4026883621443851,0.0023239303659051366,0.4405699009864958
cubic_000021,0.54768974,59.502144,53.647625,21.418476,0.2959353934841518,0.0985449673800982,0.10654419580514252,0.004684561563449313,-0.005014996069421995,0.00019291431416621204,0.2979387444633083,0.10517804428055534,0.0032724583595574973,-0.0029445760315738798,-0.002459387761301535,0.3608894373312652,0.00278072117247712,-0.006240322897811488,-0.0027278974462663736,0.193957952633344,4.563924235089997e-05,-0.004604475395724596,0.2168379944243667,0.004641174507256795,0.21432152027407958
cubic_000022,0.30580992,76.67999,35.160763,32.339474,0.06703301621069663,0.02312806037467866,0.0224422725918024,0.0014835850709089314,0.000956564304027511,-0.0002573975284283842,0.075590351025146,0.022118967709391646,0.0015619827539398226,0.00040721287490019244,-0.0003630639697063308,0.07022495586888819,0.0005444033240550974,0.001048583969366284,-0.00040737389052871093,0.04742846823058593,-0.00015397094942934077,0.0005548967419115528,0.045215248862179425,0.0009625614662158498,0.045303168253021886
cubic_000023,0.62049204,42.735764,33.72233,32.952923,0.4216535628476952,0.14017582182565141,0.14018226685949609,0.001032344727877501,0.0010969419242803694,0.00034866635532603533,0.45696484468350906,0.14128623818427366,-0.002062423831588111,0.0006394380846654409,0.0006436237243414761,0.45482638715642165,0.0001470698206825693,0.0048062791676063915,-0.0005194678889950208,0.2678707142039082,0.0008285866915086262,0.0011342955727537637,0.2684180826730722,7.303190888259423e-05,0.27360291529665426
cubic_000024,0.40986216,81.70747,71.11342,29.782412,0.1539053886251654,0.04789449029611642,0.048193968636017194,-0.001817887085986554,-0.0017008219251063586,0.0003230006381643128,0.1486905390142605,0.047429496888719946,-0.001989446547179108,-0.0003658073450391052,-0.00014350533573684137,0.1493906804909762,-0.0010092185755204346,-0.002074249156698621,0.00038142450536467404,0.09972516330666834,0.0002507999616980119,-0.0007475369502622411,0.09989918812265805,-0.0015561817402257425,0.09878154598741255
cubic_000025,0.47849542,57.673416,33.452938,24.855465,0.18404140467228097,0.06835982977612877,0.07190029322780221,-0.00020985754539664463,-0.002581736029246601,-0.00014966694586165082,0.23459890612656997,0.07151394134821536,-0.0014984359035473522,-2.8481345624193647e-05,-0.003395307324017045,0.2706355170297322,0.00033190743756280217,-0.0005034145745200444,-0.0027532439022174863,0.1355540198448179,-0.0005500561751907563,-0.0005191252916424041,0.146159451255395,0.0007046818344024202,0.15243386055505495
cubic_000026,0.7496741,88.392075,42.257122,20.845146,0.6829287707185081,0.24570521207456647,0.2463904346132771,0.0012254306259711885,0.0012250923205204198,0.0004995876048908772,0.6830692154325798,0.24523016037698894,0.0018944681957633385,0.0003227233825537499,0.0034180599273007026,0.6822210416054215,0.00026203208535895936,-8.577098082800279e-05,0.0030140479621248197,0.42972630782381294,0.000826274275334525,0.000557093729003553,0.4311247446904267,0.00038330963927531755,0.42881939793655643
cubic_000027,0.32856154,65.592834,43.321053,15.40815,0.07164440490704799,0.02430166453409904,0.029162767515687672,0.0015023371445014367,0.0013700156582637612,0.0002143448140005594,0.07587919519869438,0.026739553767510336,0.0014774203845652617,0.0004986713589621582,0.000673573290917758,0.10701309359845537,0.0008028612435566395,0.0025461660644975834,0.0007523497294024345,0.04821261162755236,0.00039752918494423694,0.0009380395485587468,0.06130921906947888,0.001148103742024942,0.056425021138183
cubic_000028,0.43458766,80.95501,19.222439,18.906288,0.16525843593698258,0.05671272919461502,0.05823367537452081,0.0003030638708955372,-0.002892812367374269,0.00046463149309919864,0.1776552321960687,0.055186890474832384,0.001178137667260004,-0.0009000112643973633,4.749421535534952e-05,0.18180882907782364,0.000742765937946633,-0.0036551927316818243,-0.001479927080945102,0.11668714780156116,0.00040392442474580705,-0.0018714732225794024,0.11930545670053957,0.001187453319814152,0.11531232116899881
cubic_000029,0.359393,55.83186,39.93293,20.601027,0.0777304580079633,0.027656865214164834,0.033556472893983724,0.001776391629486868,4.2540255056263296e-05,0.00015499772052994217,0.09937688126070922,0.03358288816899386,0.0013578871196176115,0.00041388823249573735,0.0015452609381586169,0.14768228042673526,0.0002789558395365002,-0.00016467997950682072,0.0008545750694317164,0.054119381305513165,0.00016355808861418355,0.0008084026538174644,0.06877693289247346,0.0008825943932689213,0.07372598229768176
cubic_000030,0.41781798,79.241425,78.09952,38.73154,0.16132970792098972,0.05155204690110826,0.05072868558214491,-0.0012822849620757926,-0.0040764038986212305,-0.0007908897122604323,0.15928620379657396,0.05057452509023076,9.961568218267401e-05,-0.0017707730293414644,-0.0023019133117859465,0.15674526101649663,-0.0009104806699902839,-0.002182899142996644,-0.001649034450762085,0.10674480084300819,-0.0011578923258478847,-0.0031760001506302748,0.10504159440997168,-0.0014278163716112348,0.10485837695793768
cubic_000031,0.5572707,74.30675,58.97473,38.956783,0.3239644408671685,0.10851887634786028,0.10838718019612484,-0.0007517686457437587,-0.002482077550634016,0.0005804708017959368,0.3373909394093719,0.11129488043212275,0.00011353499151806333,-0.00045222357646749285,-0.000495592013190476,0.33777438140376215,-0.0004802165364558422,-0.00215653522101658,0.00015299635121260254,0.2163206026137067,0.0007935060538518098,-0.0011185537552135974,0.2153091507182321,-0.000765153002122228,0.2231565374119403
cubic_000032,0.5281421,61.786076,52.647083,32.98599,0.2877230464194806,0.09408602252975586,0.09533168611830992,0.00046119788900459726,0.00127644983688896,-0.0018559586400255937,0.29003525599249746,0.09444308523694879,-0.00042609759048004454,0.0009398018105703995,-0.001478936535323278,0.30111035346260306,0.00010935336553076773,0.002759717773509326,-0.001312158580956451,0.1884885014060222,-0.003068944978485321,0.001443982780355149,0.19318934302259105,-1.740821372459961e-05,0.1917023991999927
cubic_000033,0.82565546,63.858902,36.80177,21.593058,0.8237982083082793,0.31674121244389997,0.32392780299950996,-0.005543593299551139,-0.0003054675731690438,-0.00039887122308392977,0.8525001393838534,0.3257864873050306,-0.005708503943411,0.0002931651046023639,-0.0022982107579767475,0.8868176366075563,-0.002319893008099776,0.0007760895493169258,-0.0036388228636553286,0.5139499001326755,-0.0004457222269197467,0.0003834221339460875,0.527977658624541,-0.00279878559495669,0.5302322281097601
cubic_000034,0.3002873,85.924324,66.678894,18.220734,0.0704783336952842,0.022412040124266144,0.021908673631773803,0.0001579347504662714,-3.1191574116576105e-05,0.00027489989090544745,0.07043413681358918,0.02145887978719565,0.00028273350156003663,0.00018385159833275434,0.0005963029535217413,0.06429000337118085,0.0002210023447142196,-3.163308515650484e-05,0.00012293456709316632,0.04573298894015136,0.0007155412501827485,0.00038152935570488723,0.043883360469297306,0.0004106196884995902,0.04307604153138446
lamel_000001,0.59921944,54.81148,0.0,0.0,0.21190272593718484,0.11407012169655673,0.11498000958662313,-0.000831576739406046,-0.003114902219035718,0.0006127818613382097,0.48013259469320585,0.15224879521629592,-0.0032076137566659064,-0.0019317048276780756,-0.0067669119354174705,0.47096039930762684,0.00013964409694423814,-0.006437491718717383,-0.00555899692273773,0.216488429250819,0.0002323451313698278,-0.0035951136633984608,0.21778095622925941,-0.00024956920739756754,0.3181539326114906
lamel_000002,0.68003935,16.548742,0.0,0.0,0.18830468133847655,0.08292955768023397,0.08357554194591549,-0.0035645478973979883,-0.0006666706714418659,0.00041720319243451987,0.7088497815354475,0.22366723754468007,-0.028233421244453723,-0.003582117322751683,-0.0007893085194508836,0.6941726943664202,-0.007980792822552683,-0.007941854292255407,0.0006135453951066491,0.12414334766940752,-0.0005437804452446599,-0.001023623852929189,0.12439467772837746,-0.01304848459348596,0.47187291399767306
lamel_000003,0.83395827,15.673561,0.0,0.0,0.535215690524141,0.21420691677430503,0.21658844189946588,0.001063555277815555,-0.0003958445630598121,0.0006095765827152592,0.9485103660043699,0.3419772435882685,-0.0011649070392804235,-0.001153320900385822,8.393229203032757e-05,0.9607013794229827,0.0018237128803329345,0.0039852129202586776,0.00011600189937153306,0.2890928216209812,0.0064981349361692,0.0009491775673217127,0.3126556850523609,-0.001920262007791296,0.6127808122547743
lamel_000004,0.9960435,36.025208,0.0,0.0,1.3255854718253093,0.567489499292576,0.5675111366759122,0.00020961105245458485,-0.00013567210575328272,-4.077094258393124e-06,1.3352675073807,0.5703319308846867,0.00031273217682723387,-9.963520200533064e-05,4.323599831302962e-06,1.3353479076734445,0.00014125220631666663,-0.0002125158241020177,-2.390226743118352e-06,0.761218717187503,-9.013754616238003e-06,-9.041442170120708e-05,0.761240572024942,0.00012146018996430448,0.7648454165434682
lamel_000005,0.73510087,17.254694,0.0,0.0,0.2894975742149588,0.1217092371838791,0.12037447134443655,0.00019737114000636846,-2.8890193046075015e-05,0.0008552874776338883,0.7835834567341412,0.26111850892633437,-0.0066602674610941725,-0.0008776154629471843,0.0015102359433225368,0.7890256886717346,-0.0029926098789131743,0.0011145614733119391,-9.091954945312971e-05,0.18270074258012392,0.0012833018792312479,0.0001676411647755784,0.18040665457577076,-0.009493970115377795,0.5192910055278772
lamel_000006,0.42372808,37.92531,0.0,0.0,0.04345828214584086,0.03546224721310844,0.03549069044054021,4.0260168606197157e-07,0.0009906501374100023,0.00046893153250798775,0.24857994721444257,0.07022945517893317,-0.0005022392450479993,0.000973074676788507,0.0030008132925560217,0.25211942513935437,-0.0006287208032493381,0.003640585834022776,0.003725375352766098,0.06004300841735312,0.00023161012123370752,0.0009943965099073453,0.05998479339313023,-0.0007718692127931485,0.1779199922119195
lamel_000007,0.50603503,42.772823,0.0,0.0,0.07647672686036676,0.05745875852766173,0.05655054307820691,-0.0021814779226244667,-0.0006891570741010553,-8.467573714422035e-05,0.35454404324593153,0.1026768353474882,-0.006105849932260456,-0.0004998012732228018,0.0029428620666563333,0.3593996509174886,-0.001263251634988814,-0.001899300244752288,0.0028767827692630656,0.10395155625070476,0.00012080899982477579,-0.001278470323579563,0.10307748483310765,-0.004114909089707989,0.2509345345430486
lamel_000008,0.56483394,29.53342,0.0,0.0,0.08436028001190382,0.05979155859511423,0.05909717910023888,0.001094319814235111,-0.0011252372850702476,0.0004469848901549623,0.4923669908673778,0.14699647756007828,0.011062162716427047,-0.000932666429264507,-0.0009826654293781465,0.49285770249674954,0.0026075580412748657,-0.004509068259780247,7.177207742330029e-05,0.09944611376005691,0.000177758668384288,-0.0023664515053504055,0.09803754401624555,0.005839663048928064,0.34321050159796085
lamel_000009,0.7132473,27.876715,0.0,0.0,0.2799120467518005,0.13189595671162274,0.13156723728471595,-0.0008822488793545778,-0.0002924784742468736,4.9441834926277234e-05,0.7243724518449195,0.24059301950632805,-0.0059080048136103125,-0.00010092675306113843,-0.00015798659719665992,0.7258348428082875,-0.0021765913281696007,-0.002060040214672091,-0.000995696338805028,0.22547845152366935,0.00044589852557046206,-0.001419591165738196,0.22519673618066352,-0.005671339363142168,0.4803685519313287
lamel_000010,0.75461924,22.233559,0.0,0.0,0.35221388200439663,0.1493406501457856,0.15018812500434914,0.00013594469885794033,-0.0035720420172802494,0.0006333110955178092,0.8130416478650534,0.2746920409485242,-0.002957232349261414,-0.0034968926043510056,-0.0018438845381820073,0.80548753332029,-0.0009874795965958867,-0.016049061314316757,-0.001104450276948801,0.2344912675632893,-1.668556057867863e-05,-0.008378573661469184,0.23915574915018206,-0.0018494094161792462,0.5313868363807458
lamel_000011,0.46583015,53.154167,0.0,0.0,0.0831383053244442,0.05476429536522725,0.05494173692744704,-0.0019093069848801398,0.004276124240504827,-3.14432790784864e-05,0.2727494105841652,0.080282317174731,-0.004482416348156405,0.0016236493892357244,-0.001369223091867012,0.2779656556062449,-0.0018599535526959018,0.008595521246142579,-0.001621739245116373,0.10314502077861817,6.115311376419429e-05,0.004621927280672261,0.10418694172106144,-0.0031750667245754646,0.1911713792999901
lamel_000012,0.30860588,58.524082,0.0,0.0,0.036758647645929544,0.021194389423310662,0.02052049992767352,0.0012078649783957692,-0.0005341304776032488,0.00031077504849797897,0.09943099013186088,0.028152330629993484,0.003573210563714981,-4.322040733328371e-05,0.002831827232968111,0.0917538609060945,0.0006658559942983189,-0.00043289646302870327,0.0025048259976674057,0.039529258070780435,0.00025601790635342573,-2.423422980026175e-05,0.03838547763218733,0.0016622780141635199,0.06562353590038719
lamel_000013,0.58359915,88.77836,0.0,0.0,0.379847173794464,0.1253499057570121,0.12628719958806026,0.001133385363305976,-0.0029271972936770444,-0.00047682466265671535,0.36851038777281175,0.12517555812527303,0.003985359109494779,-0.0005511618120556426,-0.00215705492038898,0.37184753794511105,0.0004314811287618412,-0.0043611773634196025,-0.003805752353463569,0.2471171380946115,-0.000926283008193068,-0.0010508434321967663,0.24944373888790872,0.0008124252279158594,0.24573208392931106
lamel_000014,0.32684198,75.6089,0.0,0.0,0.06293048166671403,0.026557203997469844,0.027183273107097405,0.0016733493554207082,0.0003935745869757648,-0.0001356105265280832,0.09454850237800727,0.029829407233600624,0.001015694954304286,-0.0004855308413183813,-0.0016009482686961869,0.09391865948597942,0.0005992735231462634,-0.0003191145156296972,-0.0022625901955906254,0.053161978590620315,-0.0003542883635745224,-0.0003243953388256561,0.0537189285022112,0.001116880273819746,0.06355875937009717
lamel_000015,0.52625656,18.38546,0.0,0.0,0.04545485736283565,0.03415375507331572,0.033686789859572734,-0.0007658356393119667,-0.0008909730145442924,5.3155359524417224e-05,0.4602097465883126,0.12843985926801418,-0.00466131352438508,-0.0009925682326435625,0.0005256769125252878,0.4696857906997334,-0.0004824662156491611,-0.002496877509341752,-0.0009253051742202998,0.05024919709546786,0.0005178646960094755,-0.0022556862981532246,0.04963080241197847,-0.0026852336635227615,0.3236566275164524
lamel_000016,0.30456457,77.15621,0.0,0.0,0.05526571032107662,0.022988094468194564,0.022683494085041812,0.0009747836947195804,0.002537981253860638,0.0006016647787279701,0.07868928433671493,0.02412481678285818,0.0005693973318189789,0.0008157434036390884,0.0033298931065498566,0.07455413559083751,0.00045567671569599874,0.002797270096455351,0.003072108872114501,0.0459279280205382,0.0008424110707984606,0.0014188984619012497,0.04511175913307476,0.0008109665343505561,0.05132242305836002
lamel_000017,0.33606872,31.57075,0.0,0.0,0.0258627281836479,0.01749517289519447,0.01698252693344183,0.00034367720217746457,0.00024333082160052396,0.00040807475570690485,0.142671477788317,0.03730309297384202,0.002652008527381124,0.0003743459395526179,0.0023825492067553514,0.15321796458841197,0.0011707714341766548,0.0006856965794489995,0.0022225434653686356,0.02757102349525402,0.00012251785872927228,0.000467360475963399,0.02711090593341413,0.002510824475713999,0.10436250099598396
lamel_000018,0.8390223,38.98045,0.0,0.0,0.6648679747469269,0.2857013188387305,0.28532891263401655,0.0014803775773225506,0.00047023340763012846,-8.6041685304667e-06,0.9474415933561462,0.3557868596557252,0.005180303183718395,0.0011899670727818232,0.0015127338542891568,0.9536850999434938,0.0015858992561450578,0.004585104583193749,0.0013659995164680798,0.4652100295487528,-3.9798064933907495e-05,0.002371758184862448,0.4649528764358628,0.002792165983621214,0.5919522306850293
lamel_000019,0.38437378,15.259031,0.0,0.0,0.024510835423541703,0.015183976403007959,0.015677716663822512,-0.0001993071767638706,-8.492147471215994e-05,-0.00010146596810669845,0.26312846692397807,0.07150022086874311,-0.00573395973640323,-0.00010881593218522049,0.002692520043083306,0.26119056482512515,-0.0016493412681064699,0.0008807761270970143,0.0021949184567561534,0.02112116695987105,-5.81594451206304e-05,0.0014287914330226293,0.021417066296598945,-0.00326184189149434,0.1863174758380109
lamel_000020,0.3966401,25.899153,0.0,0.0,0.028556206702801797,0.02127505733029343,0.020439679355396916,0.00038565261399268547,-0.0002898139906663862,-1.6338717016605322e-05,0.22556390948480476,0.06008415334257758,0.0029383127476505753,0.0003809591753541951,0.0012202491505958692,0.24715970195233752,0.00019939969840829152,0.0002588670615004449,-0.00020439287510495228,0.03214551232982771,-0.00012420762974241624,0.0003599571918258827,0.030125620852982232,0.0002634011870807963,0.1703436121843091
lamel_000021,0.36702397,49.53637,0.0,0.0,0.04208432334586259,0.02863910641626451,0.028441479648827792,-0.0002974905080061417,0.002118894193928124,0.0004034336364105171,0.15668099351150977,0.043562160738256,-0.0007120345225472358,0.0018221586022376312,-0.00025913848383168756,0.15538927003325187,-0.000256009460139113,0.00736117090084475,0.0012091833530584078,0.052592015501543826,0.0004951848219162747,0.004185291702395724,0.05248664540555271,-0.00013118227157132666,0.10940254167293392
lamel_000022,0.4894994,83.90597,0.0,0.0,0.22164172030472098,0.07755277880927039,0.0781072083808194,-0.002486089777073411,0.0018574161695552019,-0.0003122429828915749,0.24390826834372836,0.07956730767742701,-0.0011745555731404685,0.0002867914783336763,-0.002601084572440737,0.251360505702407,-8.896067641252568e-06,0.002234830877322966,-0.0031478231815080015,0.15713910792421543,-0.0003130077482242961,0.0010609784371499646,0.15975794904502907,-2.066289198359918e-05,0.1645059412404079
lamel_000023,0.3534248,67.147675,0.0,0.0,0.05850321238669733,0.02976254032154539,0.030437928444590288,0.0007820290075706487,0.0021586876653593113,0.0003716464289339917,0.12652942039502196,0.03663140126185327,0.0010508966509571531,0.0005886709540145864,0.00028871354602164707,0.12083002666001949,0.001068786171639934,0.004475194306441075,0.0008117034901390125,0.058548376668907526,0.0005805235330409884,0.0010627207906173776,0.05926730373114403,0.0013879323844969396,0.08387748744549822
lamel_000024,0.8846024,45.665234,0.0,0.0,0.8559084709147873,0.3624312136292215,0.3622609785539514,0.0012262854722165126,0.004254698208355296,6.974937621241403e-05,1.0479837818939166,0.4094624477873205,0.001888860298042494,0.0030128647753440486,-8.232898281521681e-05,1.0480307346808277,0.0009554135321463873,0.008606242259459097,-5.143098485985057e-05,0.5627475144718426,0.0002229056367913576,0.0038315229805552377,0.562612795966669,0.0010824164376284843,0.6361023266161101
lamel_000025,0.6425976,20.667526,0.0,0.0,0.13950101817646038,0.07361603165861108,0.07366514653090223,-0.002717300591386691,-0.0013811488321573962,0.0008826783337138208,0.6378548862120763,0.19871673975364623,-0.02215093911160758,-0.0015938798755267248,-0.00278631428824061,0.6273606748335759,-0.005903355479757951,-0.004430154040994672,-0.002576133386041152,0.12122585389608756,0.0009248407380243626,-0.0021604600391474946,0.11926691489581465,-0.012156449567012076,0.43130439936968046
lamel_000026,0.6383056,48.570396,0.0,0.0,0.2400220725115237,0.1288469307397937,0.12854937690699283,0.0032109633329287885,0.0017336421536179878,-0.0008302112612696474,0.553268488919985,0.18143473042042343,0.005262537916666889,0.0008096410651407586,0.00294612015830475,0.5547721643541266,0.0030404036085280137,0.001790547141179979,0.0028513041776042796,0.2417211291892014,-0.0009775210976980006,0.0016628528963004016,0.24191304315026163,0.004857477571800365,0.3695111279538852
lamel_000027,0.79967767,32.257164,0.0,0.0,0.5109859943579397,0.22216700982146528,0.22292343168736578,7.75624302557832e-05,0.0025756222513148895,-0.001101820098570296,0.8804025607165814,0.31535655029405196,-0.00025097265049638746,0.0025261821731116883,0.005651779821585652,0.874780836077095,0.00013365939381113708,0.006357587706796366,0.006348644908337531,0.3723168350018944,0.0008629322542631985,0.003307222849312768,0.37382414138209547,-0.00013954761918490147,0.5591441399778796
lamel_000028,0.30235335,19.566696,0.0,0.0,0.021386875539164962,0.011356434410363082,0.011436461645013041,0.00011180163189712433,0.0002530899106155922,-1.6806890485974417e-06,0.14332090195486713,0.034494979053332944,0.002766393247166865,0.0010202603961552465,0.013940363893994244,0.12951573689811202,0.0016651404957551332,0.005443284757412204,0.012341652615441259,0.01695234702232088,0.00011037897858695892,0.00202375472143593,0.016940483308756797,0.0031293315401208924,0.09746570623742903
lamel_000029,0.44545373,24.052654,0.0,0.0,0.03332865490712991,0.027451612750187097,0.027453810730881566,-0.0014457300891646402,-0.0005721217268332588,0.00022978852678450588,0.3158993821820091,0.08644448175166777,-0.011526042056686689,-0.0006893499677812398,-0.0036950306266289963,0.3205737876142516,-0.002705380890309116,-0.0020199795788506275,-0.0027667090741628642,0.041148890630026164,0.0002722941594305021,-0.0014849361010861582,0.040509891129352625,-0.006289292395633974,0.23029815461116943
lamel_000030,0.4077884,81.60777,0.0,0.0,0.12299202741667498,0.046668121498902725,0.04727683931101154,0.0011546634462540632,0.0008172224253092967,-0.0005852480182829439,0.15277040702405517,0.04921412608644537,0.000115064352818492,0.0004369759940992062,0.0015285226495567411,0.16192254105386666,-0.0003229998619472473,2.7176026095564605e-05,0.0016492856892812518,0.09563368967224445,-0.0005193648032957073,0.00023645893130778192,0.09666399947887594,0.0002908294960266302,0.10528952017383625
lamel_000031,0.3210552,70.344444,0.0,0.0,0.05134029161227305,0.024529721155789858,0.024314879832773223,0.0017320695278676204,-0.0007548543324608938,0.0002734861587950667,0.09496996363624652,0.028265840208570755,0.0013662117262301667,-0.0005209075718877932,0.0017039509180400805,0.09231128199081556,0.0006940593203473322,-0.0007908021569977802,0.0015067541481434254,0.04822547576588681,0.000500547406591776,-0.0006963446566129686,0.04797336856284985,0.001237333412473216,0.0629018517053264
lamel_000032,0.92694956,60.42559,0.0,0.0,1.069288269031213,0.4473974226082098,0.4476247573172247,0.001848305792397465,-0.0002553172133239848,-1.1180051885178914e-05,1.1427856264475724,0.4641484901652156,0.001866331373538312,-8.648588183430772e-05,-0.0014195823045257728,1.143243429145802,0.0008523241210230017,-0.000969926095422581,-0.001447391695519402,0.6542492825356321,7.506379111305068e-05,-9.634068322988296e-05,0.6546134922419855,0.0008428835522642135,0.6762616486742088
lamel_000033,0.96405554,64.21954,0.0,0.0,1.2111619281386554,0.5112725816222636,0.5115724800854725,-0.0005427238842598619,0.0001569874527576386,2.5318560948691316e-05,1.2431538153352328,0.5193026079325422,-0.0005487039996232592,3.471459525626152e-05,-0.00012827687471220347,1.2442973027398967,-0.000325746265912166,0.00019507997087945118,-5.059403035100736e-05,0.7128284269856282,3.8529690193148886e-05,-1.1335385724528755e-05,0.7133253758863809,-0.00033466470445461165,0.7228024734813534
